<?xml version="1.0" encoding="UTF-8"?>
	<beans xmlns="http://www.springframework.org/schema/beans"
	       xmlns:xsi="http://www.w3.org/2001/XMLSchema-instance"
	       xmlns:context="http://www.springframework.org/schema/context"
	       xmlns:mvc="http://www.springframework.org/schema/mvc"
	       xsi:schemaLocation="http://www.springframework.org/schema/mvc
	                            http://www.springframework.org/schema/mvc/spring-mvc-3.0.xsd
	                            http://www.springframework.org/schema/beans
	                            http://www.springframework.org/schema/beans/spring-beans-3.0.xsd
	                            http://www.springframework.org/schema/context
	                            http://www.springframework.org/schema/context/spring-context-3.0.xsd">
	 
	    <!-- Scans the classpath of this application for @Components to deploy as beans -->
	    <context:component-scan base-package="com.cs.algo.algoweb" />
	    
	    <!-- Configures the @Controller programming model -->
	    <mvc:annotation-driven/>
	 
	 	<mvc:resources mapping="css/**" location="/views/css/" />
	 	<mvc:resources mapping="img/**" location="/views/img/" />
	 	<mvc:resources mapping="js/**" location="/views/js/" />
	 
	    <!-- Forwards requests to the "/" resource to the "home" view -->
	  	<mvc:view-controller path="/" view-name="redirect:/home"/> 
	    <mvc:view-controller path="/index" view-name="redirect:/home"/>
	 
	    <!-- Resolves view names to protected .jsp resources within the 'views/' directory -->
	    <bean class="org.springframework.web.servlet.view.InternalResourceViewResolver">
	        <property name="prefix" value="/views/"/>
	        <property name="suffix" value=".jsp"/>
	    </bean>

	</beans>