<?xml version="1.0" encoding="UTF-8"?>
<beans xmlns="http://www.springframework.org/schema/beans"
	xmlns:xsi="http://www.w3.org/2001/XMLSchema-instance" xmlns:aop="http://www.springframework.org/schema/aop"
	xsi:schemaLocation="http://www.springframework.org/schema/beans http://www.springframework.org/schema/beans/spring-beans-3.0.xsd">

	<bean id="jettyServer" class="com.cs.algo.algoweb.JettyServer"
		init-method="startServer">
		<constructor-arg index="0" type="int" value="8080" />
		<constructor-arg index="1" ref="cacheContainer" />
		<constructor-arg index="2" ref="authenticator" />
	</bean>

	<bean id="cacheContainer" class="com.cs.algo.algoweb.CacheContainer">
		<property name="appName" value="mario" />
	</bean>

	<bean id="contextSource" class="org.springframework.ldap.core.support.LdapContextSource">
		<property name="url" value="ldap://url.to.ldap.server:389" />
		<property name="userDn" value="uid=admin,ou=system" />
		<property name="password" value="adminpassword" />
	</bean>
	<bean id="ldapTemplate" class="org.springframework.ldap.core.LdapTemplate">
		<constructor-arg ref="contextSource" />
	</bean>
	<bean id="authenticator" class="com.cs.algo.algoweb.Authenticator">
		<constructor-arg ref="ldapTemplate" />
	</bean>


</beans>